Hong kong,f,4375.0
india,f,257.57575757575756
india,m,204.54545454545456
las vegas,m,25000.0
london,m,20895.5223880597
singapore,f,29999.999999999996
washington,f,7000.0
